latitude	longitude	cp_id_str	Power_kW	connector_id	session_count
55.775843	-4.15455	53255	7	1.0	54
55.775843	-4.15455	53255	7	2.0	82
55.775843	-4.15455	53256	7	1.0	62
55.775843	-4.15455	53256	7	2.0	62
55.784998	-4.272889	60886	35	1.0	88
55.784998	-4.272889	60886	35	2.0	22
55.784998	-4.272889	60886	35	3.0	23
55.784998	-4.272889	60886	44	1.0	176
55.784998	-4.272889	60886	44	2.0	44
55.784998	-4.272889	60886	44	3.0	46
55.785653	-4.423017	51973	22	1.0	34
55.785653	-4.423017	51973	22	2.0	52
55.794489	-4.093858	53902	22	1.0	71
55.794489	-4.093858	53902	22	2.0	6
55.794489	-4.093858	53902	22	3.0	13
55.794489	-4.093858	53902	50	1.0	142
55.794489	-4.093858	53902	50	2.0	12
55.794489	-4.093858	53902	50	3.0	26
55.805462	-4.230803	60209	7	1.0	28
55.805462	-4.230803	60209	7	2.0	20
55.805462	-4.230803	60210	7	1.0	14
55.805462	-4.230803	60210	7	2.0	32
55.805462	-4.230803	60211	7	1.0	44
55.805462	-4.230803	60211	7	2.0	2
55.823218	-4.34487	50538	7	1.0	84
55.823218	-4.34487	50538	7	2.0	56
55.824531	-4.258462	60245	7	1.0	72
55.824531	-4.258462	60245	7	2.0	110
55.826633	-4.252628	52935	7	1.0	178
55.826633	-4.252628	52935	7	2.0	188
55.826756	-4.246408	50716	22	1.0	42
55.826756	-4.246408	50716	22	2.0	40
55.826756	-4.246408	51498	43	1.0	68
55.826756	-4.246408	51498	43	2.0	130
55.826756	-4.246408	51498	43	3.0	15
55.826756	-4.246408	51498	50	1.0	136
55.826756	-4.246408	51498	50	2.0	260
55.826756	-4.246408	51498	50	3.0	30
55.827428	-4.083701	53142	11	1.0	38
55.827428	-4.083701	53142	11	2.0	68
55.82859	-4.282952	52089	22	1.0	42
55.82859	-4.282952	52089	22	2.0	48
55.82859	-4.282952	52090	22	1.0	72
55.82859	-4.282952	52090	22	2.0	78
55.829098	-4.051746	53819	22	1.0	116
55.829098	-4.051746	53819	22	2.0	114
55.829098	-4.051746	53820	22	1.0	90
55.829098	-4.051746	53820	22	2.0	96
55.829098	-4.051746	53821	22	1.0	59
55.829098	-4.051746	53821	22	2.0	16
55.829098	-4.051746	53821	22	3.0	15
55.829098	-4.051746	53821	51	1.0	118
55.829098	-4.051746	53821	51	2.0	32
55.829098	-4.051746	53821	51	3.0	30
55.829098	-4.051746	53822	22	1.0	40
55.829098	-4.051746	53822	22	2.0	18
55.829098	-4.051746	53822	22	3.0	14
55.829098	-4.051746	53822	51	1.0	80
55.829098	-4.051746	53822	51	2.0	36
55.829098	-4.051746	53822	51	3.0	28
55.83065	-4.249236	60032	7	1.0	28
55.83065	-4.249236	60032	7	2.0	22
55.83065	-4.249236	60033	7	1.0	22
55.83065	-4.249236	60033	7	2.0	34
55.83065	-4.249236	60148	22	1.0	152
55.83065	-4.249236	60148	22	2.0	168
55.833528	-4.114879	51898	22	1.0	112
55.833528	-4.114879	51898	22	2.0	64
55.833528	-4.114879	51899	22	1.0	94
55.833528	-4.114879	51899	22	2.0	60
55.834463	-4.266687	52730	7	1.0	98
55.834463	-4.266687	52730	7	2.0	98
55.836151	-4.261435	52732	7	1.0	90
55.836151	-4.261435	52732	7	2.0	110
55.837448	-4.264178	52737	22	1.0	58
55.837448	-4.264178	52737	22	2.0	36
55.840509	-4.336918	51264	22	1.0	12
55.840509	-4.336918	51264	22	2.0	18
55.841512	-4.273359	52731	7	1.0	34
55.841512	-4.273359	52731	7	2.0	22
55.843481	-4.210235	50687	22	1.0	48
55.843481	-4.210235	50687	22	2.0	70
55.84518	-4.237056	50686	22	1.0	166
55.84518	-4.237056	50686	22	2.0	74
55.84564	-4.252705	53172	7	1.0	10
55.84564	-4.252705	53172	7	2.0	12
55.84564	-4.252705	53173	7	1.0	32
55.84564	-4.252705	53173	7	2.0	34
55.84564	-4.252705	53174	7	1.0	10
55.84564	-4.252705	53174	7	2.0	4
55.84564	-4.252705	53175	7	1.0	46
55.84564	-4.252705	53175	7	2.0	40
55.84564	-4.252705	53176	7	1.0	34
55.84564	-4.252705	53176	7	2.0	36
55.846119	-4.324012	50537	22	1.0	220
55.846119	-4.324012	50537	22	2.0	228
55.846216	-4.220534	52094	22	1.0	80
55.846216	-4.220534	52094	22	2.0	92
55.846624	-4.153657	52091	7	1.0	130
55.846624	-4.153657	52091	7	2.0	38
55.846906	-4.240989	52242	22	1.0	94
55.846906	-4.240989	52242	22	2.0	136
55.847816	-4.242831	52240	22	1.0	80
55.847816	-4.242831	52240	22	2.0	22
55.847816	-4.242831	52241	7	1.0	12
55.847816	-4.242831	52241	7	2.0	8
55.847816	-4.242831	53609	22	2.0	28
55.84839	-4.250772	52239	7	1.0	114
55.84839	-4.250772	52239	7	2.0	70
55.849995	-4.275372	50685	43	1.0	14
55.849995	-4.275372	50685	43	2.0	42
55.849995	-4.275372	50685	44	1.0	7
55.849995	-4.275372	50685	44	2.0	21
55.85194	-4.295457	52733	7	1.0	98
55.85194	-4.295457	52733	7	2.0	144
55.852223	-4.261762	52117	22	1.0	94
55.852223	-4.261762	52117	22	2.0	50
55.852223	-4.261762	52118	22	1.0	132
55.852223	-4.261762	52118	22	2.0	36
55.853421	-4.221696	52079	22	1.0	52
55.853421	-4.221696	52079	22	2.0	90
55.853421	-4.221696	52080	22	1.0	60
55.853421	-4.221696	52080	22	2.0	72
55.853421	-4.221696	52081	22	1.0	54
55.853421	-4.221696	52081	22	2.0	70
55.853665	-4.256685	51237	22	1.0	60
55.853665	-4.256685	51237	22	2.0	56
55.857193	-4.133006	60075	7	1.0	120
55.857193	-4.133006	60075	7	2.0	118
55.857193	-4.133006	60076	7	1.0	134
55.857193	-4.133006	60076	7	2.0	78
55.857193	-4.133006	60077	7	1.0	138
55.857193	-4.133006	60077	7	2.0	122
55.858316	-4.243132	52923	22	1.0	48
55.858316	-4.243132	52923	22	2.0	78
55.85874	-4.10687	60868	7	1.0	12
55.85874	-4.10687	60868	7	2.0	14
55.859004	-4.281939	52082	22	1.0	32
55.859004	-4.281939	52082	22	2.0	46
55.859004	-4.281939	52083	22	1.0	54
55.859004	-4.281939	52083	22	2.0	86
55.859437	-4.246249	52924	7	1.0	80
55.859437	-4.246249	52924	7	2.0	50
55.859526	-4.235452	50402	22	1.0	30
55.859526	-4.235452	50402	22	2.0	34
55.859526	-4.235452	50403	22	1.0	26
55.859526	-4.235452	50403	22	2.0	28
55.859526	-4.235452	50408	22	1.0	34
55.859526	-4.235452	50408	22	2.0	40
55.859526	-4.235452	50415	22	1.0	38
55.859526	-4.235452	50415	22	2.0	26
55.859526	-4.235452	51240	43	1.0	8
55.859526	-4.235452	51240	43	2.0	6
55.859526	-4.235452	51240	43	3.0	1
55.859526	-4.235452	51240	50	1.0	16
55.859526	-4.235452	51240	50	2.0	12
55.859526	-4.235452	51240	50	3.0	2
55.859526	-4.235452	51565	22	1.0	25
55.859526	-4.235452	51565	22	2.0	9
55.859526	-4.235452	51565	22	3.0	2
55.859526	-4.235452	51565	51	1.0	50
55.859526	-4.235452	51565	51	2.0	18
55.859526	-4.235452	51565	51	3.0	4
55.859526	-4.235452	51566	22	1.0	22
55.859526	-4.235452	51566	22	2.0	2
55.859526	-4.235452	51566	22	3.0	3
55.859526	-4.235452	51566	51	1.0	44
55.859526	-4.235452	51566	51	2.0	4
55.859526	-4.235452	51566	51	3.0	6
55.859725	-4.221465	60922	7	1.0	196
55.859725	-4.221465	60922	7	2.0	156
55.859784	-4.266037	50412	22	1.0	118
55.859784	-4.266037	50412	22	2.0	144
55.859784	-4.266037	50413	22	1.0	178
55.859784	-4.266037	50413	22	2.0	114
55.859784	-4.266037	50430	22	1.0	68
55.859784	-4.266037	50430	22	2.0	16
55.860368	-4.248396	50787	22	1.0	18
55.860368	-4.248396	50787	22	2.0	26
55.860368	-4.248396	60794	22	1.0	5
55.860368	-4.248396	60795	22	1.0	14
55.860368	-4.248396	60795	7	1.0	14
55.860368	-4.248396	60796	7	1.0	7
55.861084	-4.261302	51354	22	1.0	62
55.861084	-4.261302	51354	22	2.0	66
55.861084	-4.261302	60241	7	1.0	54
55.861084	-4.261302	60241	7	2.0	56
55.86222	-4.238499	52710	7	1.0	18
55.86222	-4.238499	52710	7	2.0	18
55.86222	-4.238499	52711	7	1.0	16
55.86222	-4.238499	52711	7	2.0	24
55.86222	-4.238499	52712	7	1.0	10
55.86222	-4.238499	52712	7	2.0	6
55.863173	-4.237979	52707	7	1.0	6
55.863173	-4.237979	52707	7	2.0	14
55.863173	-4.237979	52708	7	1.0	24
55.863173	-4.237979	52708	7	2.0	20
55.863173	-4.237979	52709	7	1.0	40
55.863173	-4.237979	52709	7	2.0	22
55.863471	-4.261521	50241	22	1.0	88
55.863471	-4.261521	50241	22	2.0	98
55.864005	-4.267177	52918	22	1.0	22
55.864005	-4.267177	52918	22	2.0	8
55.864279	-4.268887	50405	22	1.0	78
55.864279	-4.268887	50405	22	2.0	42
55.864279	-4.268887	50407	7	1.0	110
55.864279	-4.268887	50407	7	2.0	60
55.864279	-4.268887	50414	22	1.0	128
55.864279	-4.268887	50414	22	2.0	28
55.864312	-4.237133	52704	7	2.0	6
55.864312	-4.237133	52705	7	1.0	8
55.864312	-4.237133	52705	7	2.0	22
55.864312	-4.237133	52706	7	1.0	24
55.864312	-4.237133	52706	7	2.0	16
55.864617	-4.328697	53431	7	1.0	76
55.864617	-4.328697	53431	7	2.0	78
55.864721	-4.30743	50540	22	1.0	1
55.864721	-4.30743	50540	22	2.0	4
55.864721	-4.30743	50540	50	1.0	2
55.864721	-4.30743	50540	50	2.0	8
55.864721	-4.30743	50796	22	1.0	142
55.864721	-4.30743	50796	22	2.0	50
55.864721	-4.30743	50797	22	1.0	84
55.864721	-4.30743	50797	22	2.0	126
55.864721	-4.30743	51500	43	1.0	43
55.864721	-4.30743	51500	43	2.0	89
55.864721	-4.30743	51500	43	3.0	14
55.864721	-4.30743	51500	50	1.0	86
55.864721	-4.30743	51500	50	2.0	178
55.864721	-4.30743	51500	50	3.0	28
55.865656	-4.11287	52777	22	1.0	9
55.865678	-4.261218	52919	22	1.0	48
55.865678	-4.261218	52919	22	2.0	42
55.86579	-4.275145	51236	22	1.0	26
55.86579	-4.275145	51236	22	2.0	14
55.86579	-4.275145	51242	22	1.0	118
55.86579	-4.275145	51242	22	2.0	98
55.868162	-4.258613	51567	22	1.0	22
55.868162	-4.258613	51567	50	1.0	44
55.868162	-4.258613	52186	22	1.0	8
55.868162	-4.258613	52186	22	2.0	4
55.868162	-4.258613	52187	22	1.0	8
55.868162	-4.258613	52187	22	2.0	4
55.868162	-4.258613	52188	22	1.0	10
55.868586	-4.290573	50755	22	1.0	210
55.868586	-4.290573	50755	22	2.0	198
55.868786	-4.120056	51568	22	1.0	147
55.868786	-4.120056	51568	22	2.0	50
55.868786	-4.120056	51568	22	3.0	4
55.868786	-4.120056	51568	51	1.0	294
55.868786	-4.120056	51568	51	2.0	100
55.868786	-4.120056	51568	51	3.0	8
55.868786	-4.120056	51569	22	1.0	68
55.868786	-4.120056	51569	22	2.0	48
55.869395	-4.259484	50433	7	1.0	122
55.869395	-4.259484	50433	7	2.0	112
55.869395	-4.259484	50434	7	1.0	104
55.869395	-4.259484	50434	7	2.0	60
55.870462	-4.222142	60791	7	1.0	60
55.870462	-4.222142	60791	7	2.0	26
55.871179	-4.221224	61619	7	1.0	36
55.871179	-4.221224	61619	7	2.0	26
55.871608	-4.268164	51571	22	1.0	84
55.871608	-4.268164	51571	22	2.0	80
55.871874	-4.327037	53450	22	1.0	96
55.871874	-4.327037	53450	22	2.0	15
55.871874	-4.327037	53450	22	3.0	14
55.871874	-4.327037	53450	51	1.0	192
55.871874	-4.327037	53450	51	2.0	30
55.871874	-4.327037	53450	51	3.0	28
55.871874	-4.327037	53451	22	1.0	36
55.871874	-4.327037	53451	22	2.0	24
55.873748	-4.311067	51349	22	1.0	120
55.873748	-4.311067	51349	22	2.0	186
55.875461	-4.293008	60149	7	1.0	140
55.875461	-4.293008	60149	7	2.0	164
55.875461	-4.293008	60150	7	1.0	144
55.875461	-4.293008	60150	7	2.0	132
55.875563	-4.290936	51348	22	1.0	54
55.875563	-4.290936	51348	22	2.0	68
55.876276	-4.363464	50595	7	1.0	60
55.876276	-4.363464	50595	7	2.0	58
55.876276	-4.363464	50596	7	1.0	162
55.876276	-4.363464	50596	7	2.0	126
55.876276	-4.363464	52011	7	1.0	342
55.876276	-4.363464	52011	7	2.0	286
55.876276	-4.363464	52012	7	1.0	194
55.876276	-4.363464	52012	7	2.0	310
55.876276	-4.363464	52013	7	1.0	288
55.876276	-4.363464	52013	7	2.0	346
55.876276	-4.363464	52014	7	1.0	328
55.876276	-4.363464	52014	7	2.0	294
55.876276	-4.363464	52015	7	1.0	150
55.876276	-4.363464	52015	7	2.0	144
55.876276	-4.363464	52016	7	1.0	106
55.876276	-4.363464	52016	7	2.0	308
55.878092	-4.312333	51682	22	1.0	148
55.878092	-4.312333	51682	22	2.0	120
55.878099	-4.305746	52087	22	1.0	46
55.878099	-4.305746	52087	22	2.0	38
55.878099	-4.305746	52088	22	1.0	96
55.878099	-4.305746	52088	22	2.0	48
55.878495	-4.270421	51570	22	1.0	44
55.878495	-4.270421	51570	22	2.0	54
55.87945	-4.284402	60921	22	1.0	244
55.87945	-4.284402	60921	22	2.0	174
55.881212	-4.338884	50535	7	1.0	64
55.881212	-4.338884	50535	7	2.0	54
55.881212	-4.338884	60263	7	1.0	104
55.881212	-4.338884	60263	7	2.0	80
55.881212	-4.338884	60264	7	1.0	56
55.881212	-4.338884	60264	7	2.0	58
55.881212	-4.338884	60265	22	1.0	100
55.881212	-4.338884	60265	22	2.0	134
55.881212	-4.338884	60266	22	1.0	62
55.881212	-4.338884	60266	22	2.0	118
55.885857	-4.168255	52426	7	1.0	28
55.885857	-4.168255	52426	7	2.0	60
55.885857	-4.168255	52427	7	1.0	6
55.885857	-4.168255	52427	7	2.0	12
55.885857	-4.168255	52428	7	1.0	16
55.885857	-4.168255	52428	7	2.0	8
55.885857	-4.168255	52429	7	1.0	18
55.885857	-4.168255	52429	7	2.0	24
55.885857	-4.168255	52430	44	1.0	224
55.885857	-4.168255	52430	44	2.0	30
55.885857	-4.168255	52430	44	3.0	3
55.885857	-4.168255	52430	52	1.0	448
55.885857	-4.168255	52430	52	2.0	60
55.885857	-4.168255	52430	52	3.0	6
55.886025	-4.319169	51262	22	1.0	8
55.886025	-4.319169	51262	22	2.0	10
55.889146	-4.356922	60119	7	1.0	38
55.889146	-4.356922	60119	7	2.0	42
55.889146	-4.356922	60120	7	1.0	24
55.889146	-4.356922	60120	7	2.0	26
55.889146	-4.356922	60121	7	1.0	26
55.889146	-4.356922	60121	7	2.0	18
55.892596	-4.349902	60242	22	1.0	62
55.892596	-4.349902	60242	22	2.0	44
55.894575	-4.34935	52084	22	1.0	50
55.894575	-4.34935	52084	22	2.0	52
55.894575	-4.34935	52085	22	1.0	66
55.894575	-4.34935	52085	22	2.0	40
55.894575	-4.34935	52086	22	1.0	58
55.894575	-4.34935	52086	22	2.0	72
55.897763	-4.332954	60122	7	1.0	34
55.897763	-4.332954	60122	7	2.0	48
55.897763	-4.332954	60123	7	1.0	30
55.897763	-4.332954	60123	7	2.0	50
55.897763	-4.332954	60124	7	1.0	40
55.897763	-4.332954	60124	7	2.0	38
55.898563	-4.21428	52170	22	1.0	96
55.898563	-4.21428	52170	22	2.0	116
55.901137	-4.312744	51009	7	1.0	16
55.901137	-4.312744	51009	7	2.0	10
55.901757	-4.242377	60244	22	1.0	74
55.901757	-4.242377	60244	22	2.0	60
55.905133	-4.307207	52007	22	1.0	4
55.905133	-4.307207	52007	22	2.0	10
55.911129	-4.367729	60243	22	1.0	4
55.911129	-4.367729	60243	22	2.0	16
55.919887	-4.332619	61420	22	1.0	98
55.919887	-4.332619	61420	22	2.0	112
55.934225	-4.690273	53085	22	1.0	8
55.934225	-4.690273	53085	22	2.0	12
55.934225	-4.690273	53086	22	1.0	30
55.934225	-4.690273	53086	22	2.0	24
55.937166	-4.214129	52366	22	1.0	18
55.937166	-4.214129	52366	22	2.0	28
55.950445	-4.326432	52171	22	1.0	28
55.950445	-4.326432	52171	22	2.0	36
55.951394	-4.760478	51624	22	1.0	26
55.951394	-4.760478	51624	22	2.0	52
55.952928	-4.083395	52370	22	1.0	32
55.952928	-4.083395	52370	22	2.0	58
55.977434	-4.051279	53268	7	1.0	98
55.977434	-4.051279	53268	7	2.0	50
55.977434	-4.051279	53269	7	1.0	58
55.977434	-4.051279	53269	7	2.0	94
56.045042	-4.37243	52264	22	1.0	60
56.045042	-4.37243	52264	22	2.0	50
56.045042	-4.37243	52265	22	1.0	44
56.045042	-4.37243	52265	22	2.0	54
